file,num_vertices,min_x,min_y,min_z,max_x,max_y,max_z,mean_x,mean_y,mean_z,std_x,std_y,std_z
table.obj,3148,-0.208906,-0.0,-0.5,0.208906,0.611761,0.5,-0.013190471728082005,0.3863740422490502,-0.0035868011435831793,0.15311930011790176,0.19192154737167663,0.34605151975556364
person.obj,3106,-0.84375,0.0,-0.212891,0.841797,1.900391,0.210938,0.0050029414037346745,1.1592420882163768,-0.0035994043786219876,0.39524613015968446,0.5116909927379446,0.09510717559455638
fence.obj,1090,-0.5,-0.0,-0.0225,0.5,0.84317,0.0225,-0.0039873706422020655,0.4108673321100909,-0.00045412844036697253,0.3456644195377801,0.2539774675133976,0.01097485476370518
girl.obj,8400,-0.5,0.0,-0.181411,0.5,0.904419,0.181411,0.0019820332142856706,0.40218390690476236,0.014128023333333274,0.17843738223187747,0.2145354511975825,0.06175019531940703
talwar.obj,1681,-0.031922,0.0,-0.117146,0.031922,1.0,0.117146,0.021710707317073325,0.30250146341463324,-0.004353570493753718,0.011132795684273094,0.23643367214838373,0.04661562648388801
cylinder.obj,192,-1.0,-1.0,-1.0,1.0,1.0,1.0,-2.6020852139652106e-18,0.0,2.7755575615628914e-17,0.7071068300178376,1.0,0.7071068300178375
branch.obj,2767,-0.851562,0.0,-0.464844,0.849609,1.900391,0.462891,0.07544269895193266,1.08739029598844,0.1219668904951203,0.34338019606270165,0.4569911304441712,0.20006683570555178
explosive.obj,2844,-0.199625,-0.0,-0.197126,0.199625,1.0,0.197126,0.04325588291139213,0.5303887939521789,-0.0045929810126583,0.11499120213771709,0.3897814914499447,0.09490337530568085
